date,open,high,low,close,adj_close,volume
2025-03-03,137,139.05,134.31,138.57,132.676,31154401
2025-03-04,136.15,140.94,135.81,139.34,133.4132,28634645
2025-03-05,139,146.49,139,146.1,139.8857,62109377
2025-03-06,146.79,152.2,146.2,150.44,144.0411,79121467
2025-03-07,149.74,152.45,149.27,151.56,145.1134,81821791
2025-03-10,151.56,154.24,150.41,151.05,144.6251,54450331
2025-03-11,148.1,151.7,148,150.75,144.3379,35916900
2025-03-12,151,152.28,147.7,150.3,143.907,26377549
2025-03-13,152,153.56,150.02,150.88,144.4624,48286431
2025-03-17,151.99,152.64,150.9,151.81,145.3528,35879780
2025-03-18,151.81,151.81,151.81,151.81,145.3528,0
2025-03-19,156.8,159.2,156.5,158.6,151.854,66161413
2025-03-20,160,160.1,156.65,159.04,152.2753,39889517
2025-03-21,159.03,159.75,156.82,157.28,150.5901,49184821
2025-03-24,158,159,157.11,158.42,151.6816,30905773
2025-03-25,159,159,156.05,156.73,150.0635,28467187
2025-03-26,156.2,157.54,155.01,155.81,149.1827,23182869
2025-03-27,154.8,156.1,154.2,155.42,148.8092,25909068
2025-03-28,155.38,156.91,153.37,154.24,147.6794,24589315
2025-04-01,152.07,155.34,152.07,153.12,146.6071,29142122
2025-04-02,154,156.25,152.27,154.69,148.1103,24977582
2025-04-03,153,155.97,152.6,153.62,147.0858,15117526
2025-04-04,152.62,152.99,140,140.39,134.4185,80846143
2025-04-07,128,130.35,125.33,129.48,123.9726,121806340
2025-04-08,134.89,136.2,128.02,130.28,124.7386,68999181
2025-04-09,130,130,125.3,127.18,121.7704,73399980
2025-04-11,134.67,134.7,130.49,133.42,127.745,73706472
2025-04-15,135.6,137,134.84,136.41,130.6078,38967608
2025-04-16,136.41,137.6,134.62,136.97,131.144,42684087
2025-04-17,134.4,137.96,133.7,137.14,131.3068,62282856
2025-04-21,137.65,140.3,137.05,139.18,133.26,26503486
2025-04-22,142,142.84,137.7,138.16,132.2834,58429662
2025-04-23,139.39,141.5,137.32,141.16,135.1558,37851304
2025-04-24,140.7,141.88,140.28,141.52,135.5005,23061444
2025-04-25,142,143.45,138.02,138.85,132.944,37764696
2025-04-28,138.54,142.6,138.38,142.07,136.0271,26971589
2025-04-29,142.07,143.3,140.92,141.5,135.4813,25758449
2025-04-30,141.45,141.56,138,140.08,134.1217,29205042
2025-05-02,140,143.1,139.45,141.4,135.3856,29588258
2025-05-05,141.57,142.7,141.2,142.08,136.0367,17213477
2025-05-06,142.08,145.4,141.54,144.44,138.2963,42658262
2025-05-07,142.2,146.95,142.2,146,139.7899,34674594
2025-05-08,146,146.66,142.85,143.67,137.559,29687927
2025-05-09,140.99,143.27,140.51,142.78,136.7069,21875453
2025-05-12,145.61,151.95,144.5,151.63,145.1805,47087413
2025-05-13,152,152.99,149.01,149.43,143.074,54389876
2025-05-14,151,157.15,151,155.31,148.7039,60002060
2025-05-15,155.5,157.84,154.3,157.35,150.6572,57066105
2025-05-16,157.35,158.15,157,157.55,150.8487,22884754
2025-05-19,158,158.14,156.13,157.57,150.8678,21839582
2025-05-20,158.35,162.1,158,158.69,151.9402,58061639
2025-05-21,159.45,161.85,158.53,161.64,154.7647,36044599
2025-05-22,160.98,163.6,160.36,161.29,154.4296,60715453
2025-05-23,161.6,163.53,161.5,162.97,156.0381,29483665
2025-05-26,163.1,165.55,162.05,162.51,155.5977,25581584
2025-05-27,162.51,163.9,160.62,161.66,154.7838,23296776
2025-05-28,162.4,162.69,160.65,161.24,154.3817,13044476
2025-05-29,162.19,163.95,161.5,163.12,156.1817,26455081
2025-05-30,163.11,163.89,160.51,161.02,154.1711,32739340
2025-06-02,159,160.12,157.3,159.04,152.2753,31365564
2025-06-03,159.04,160.65,157.17,157.35,150.6572,28398746
2025-06-04,157.5,158.98,156.81,158.18,151.4518,16660138
2025-06-05,158.86,159.09,157.05,157.97,151.2508,23708504
2025-06-06,155.7,157.88,154.25,157.49,154.3078,25804151
2025-06-09,157.69,158.2,156.82,157.32,154.1412,15315437
2025-06-10,158,159.3,155.5,155.68,152.5343,22764080
2025-06-11,156.45,157.53,155.31,156.41,153.2496,17605668
2025-06-12,156,156.26,151.85,152.89,149.8007,27846151
2025-06-13,149.8,152.5,149.8,152.13,149.056,24277592
2025-06-16,152.01,154.5,150.84,154.17,151.0548,16188193
2025-06-17,153.81,154.89,152.35,152.6,149.5166,16740382
2025-06-18,152.2,153.2,150.8,152.11,149.0365,14860746
2025-06-19,152,152.45,150.5,151,147.9489,20145922
2025-06-20,150.75,153.17,150.63,151.97,148.8993,29944714
2025-06-23,150.5,153.3,150.48,152.43,149.35,17096676
2025-06-24,153.8,156.97,153.64,154.79,151.6623,25403324
2025-06-25,155.9,156.9,155.51,156.39,153.23,18240433
2025-06-26,156.87,161.1,156.45,160.54,157.2961,40650557
2025-06-27,161,163.3,160.7,161.45,158.1877,31989509
2025-06-30,160.99,162.2,159.5,159.76,156.5319,15842285
2025-07-01,160.01,160.44,157.73,160.06,156.8258,17823415
2025-07-02,160.06,166.15,159.83,165.88,162.5282,63315210
2025-07-03,166,168.78,165.21,165.91,162.5576,60571824
2025-07-04,165.91,166.49,162,163.01,159.7162,22938753
2025-07-07,163,163.35,160.05,162.4,159.1185,17469909
2025-07-08,162.45,162.9,161.6,161.97,158.6972,11398248
2025-07-09,161.95,161.95,157.51,159,155.7872,29839077
2025-07-10,160,161.55,159.28,160.66,157.4137,17566887
2025-07-11,160.64,161.62,159.32,159.84,156.6103,20689511
2025-07-14,159.84,161.12,159.3,160.44,157.1981,15152964
2025-07-15,160.26,160.85,157.95,159,155.7872,17993051
2025-07-16,159,159.27,157,157.33,154.151,14591157
2025-07-17,157.5,160.7,157.12,159.9,156.669,21733241
2025-07-18,160.1,162.75,160.1,162.37,159.0891,30728478
2025-07-21,162.5,165.6,162.49,163.02,159.726,29812899
2025-07-22,163.3,164.41,162.73,163.04,159.7456,13615524
2025-07-23,163.25,164.14,161.88,162.77,159.4811,14287149
2025-07-24,163,164.75,162.81,163.48,160.1767,14377270
2025-07-25,163.5,163.59,161.05,161.43,158.1681,12443495
2025-07-28,161.23,162.29,159.09,159.68,156.4535,19296285
2025-07-29,158.2,162.45,158.2,161.69,158.4229,15262937
2025-07-30,161.69,162.79,161.05,161.36,158.0995,16083106
2025-07-31,161,162.13,156.56,157.94,154.7487,26213891
2025-08-01,157.93,157.93,152.51,153.01,149.9183,23927359
2025-08-04,153.5,159.92,153.5,159.56,156.3359,30064719
2025-08-05,159.56,160.14,158.28,159.62,156.3947,14441034
2025-08-06,159.62,159.8,157.8,158.66,155.4541,13438851
2025-08-07,157.15,160,156.26,159.67,156.4437,23159540
2025-08-08,159.5,159.95,157.01,157.95,154.7584,11951173
2025-08-11,157.95,160,157.15,158.52,155.3169,14325736
2025-08-12,158.52,161.65,158.5,160.16,156.9238,20056598
2025-08-13,160.96,162.4,159.9,160.18,156.9434,18079396
2025-08-14,160.02,160.6,154.83,155.3,152.162,47256126
2025-08-18,158,159,156,157.96,154.7682,61022494
2025-08-19,158.5,159.46,156.76,159.23,156.0126,21224239
2025-08-20,158.2,162.76,158.03,161.92,158.6482,28520245
2025-08-21,161.92,162.54,161.19,161.51,158.2465,17282594
2025-08-22,161.25,161.28,158.1,158.55,155.3463,16063984
2025-08-25,159.2,160.33,158.64,159.63,156.4045,16376542
2025-08-26,159.16,159.16,154.64,155.03,151.8974,19621100
2025-08-28,155.78,155.87,153.16,153.63,150.5257,22269875
2025-08-29,154.5,155.1,153.05,154.48,151.3586,16971859
2025-09-01,154.48,156.36,153.7,156.17,153.0144,10798622
2025-09-02,156.17,159.07,155.5,158.39,155.1896,21202113
2025-09-03,158.4,168,158.4,167.85,164.4584,82352014
2025-09-04,169,169.3,166.62,166.81,163.4394,26316842
2025-09-05,167,168,165.94,167.68,164.2918,16798170
2025-09-08,170,172.5,168.46,168.82,165.4088,36402317
2025-09-09,169.3,169.72,167.99,169.15,165.7321,14028910
2025-09-10,169.19,170.73,168.75,169.43,166.0065,13128306
2025-09-11,169.35,170.9,168.46,169.41,165.9869,13829526
2025-09-12,169.6,171,168.63,169.78,166.3494,12119036
2025-09-15,169.77,170.2,168.63,169.23,165.8105,10611401
2025-09-16,169.39,172.27,169.02,172.02,168.5442,26629438
2025-09-17,172.5,172.9,169.35,171.36,167.8975,21381306
2025-09-18,171.46,172.2,169.81,172.03,168.5539,16413388
2025-09-19,172.1,172.67,170.6,171.48,168.0151,25406461
2025-09-22,170.8,172.21,170.51,171.39,167.9269,20970704
2025-09-23,171.45,173.81,171.2,173.29,169.7885,24533561
2025-09-24,173.16,174.44,172.38,172.66,169.1712,20168891
2025-09-25,172.9,173.85,171.86,172.38,168.8969,17026549
2025-09-26,172.22,173.37,167.2,167.4,164.0175,20157657
2025-09-29,167.6,170.28,167.56,168.98,165.5656,16832342
2025-09-30,169.5,170.15,168.41,168.77,165.3598,24553596
2025-10-01,169,169.74,166.13,167.51,164.1253,17542776
2025-10-03,168.12,174.74,168.12,173.21,169.7101,55172705
2025-10-06,173.3,173.48,169.3,170.06,166.6237,21474004
2025-10-07,170.4,172.2,170.4,171.43,167.9661,19189843
2025-10-08,172,173.63,170.06,171.94,168.4658,22662699
2025-10-09,172.79,177.82,172.78,176.42,172.8552,68504717
2025-10-10,176,176.14,172.9,173.86,170.347,18085975
2025-10-13,173,173.8,170.91,173.03,169.5337,19386219
2025-10-14,174.91,176.45,169.25,170.51,167.0647,22082970
2025-10-15,170.83,174,170.11,173.24,169.7395,15031989
2025-10-16,173,174.49,172.22,174,170.4841,12205250
2025-10-17,173.6,174.31,170.99,172.22,168.7401,21659007
2025-10-20,173.3,173.3,170.82,171.95,168.4756,18049579
2025-10-21,172.4,173.25,172.1,172.78,169.2888,2471987
2025-10-23,173.9,176.08,173.64,174.16,170.6409,31472510
2025-10-24,174.6,177.35,173.72,174.44,170.9153,25226376
2025-10-27,175.89,177.9,175.53,176.66,173.0904,23832477
2025-10-28,177.35,182.06,177.02,181.81,178.1363,59511794
2025-10-29,183.67,186.94,182.05,185.19,181.448,51610530
2025-10-30,184.4,185.19,182.64,184.35,180.625,24270977
2025-10-31,184,184.3,182.12,182.84,179.1455,16041321
2025-11-03,182.4,184.1,181.8,182.67,178.979,16652212
2025-11-04,183,183.09,178.9,179.29,175.6672,18746387
2025-11-06,179.29,180.67,176.52,177.27,173.6881,23664538
2025-11-07,177,182.25,175.01,181.37,177.7052,19165876
2025-11-10,182.03,182.51,180.2,181.48,177.813,18376132
2025-11-11,182.9,182.9,179.02,181.04,177.3819,14109340
2025-11-12,181.44,182.15,178,178.61,175.001,19037263
2025-11-13,184,184,175.1,176.65,173.0806,82083661
2025-11-14,177.52,177.7,172.12,174.26,170.7389,38345500
2025-11-17,175.13,175.25,172.62,173.17,169.6709,28204282
2025-11-18,172.4,173.12,170.55,172.45,168.9655,34278387
2025-11-19,172.45,173.9,172.06,173.21,169.7101,19621610
2025-11-20,174.1,174.36,172.26,172.46,168.9753,15968891
2025-11-21,171.8,171.9,167.7,168,164.6054,28412865
2025-11-24,168,168.38,165.18,165.36,162.0187,31202769
2025-11-25,166,167.27,165.08,166.33,162.9691,19983310
2025-11-26,167,169.95,166.9,169.67,166.2416,15044796
2025-11-27,170.45,171,167.18,168.13,164.7328,17546627
2025-11-28,168.13,169,167.29,167.96,164.5662,11975539
2025-12-01,169,169.65,167.7,168.63,165.2227,11758473
2025-12-02,168.43,168.85,167,167.78,164.3898,15355023
2025-12-03,167.78,167.99,165,166.92,163.5472,18873943
2025-12-04,167.8,167.97,166.2,166.77,163.4002,11419966
2025-12-05,167,167.65,165,167.11,163.7334,33500436
2025-12-08,167.09,168.2,163,163.47,160.1669,15772400
2025-12-09,163.39,163.39,160.06,160.67,157.4235,25766371
2025-12-10,161,163.68,160.81,162.23,158.952,22537548
2025-12-11,163.5,166.66,163.17,166.38,163.0181,32603566
2025-12-12,167.6,172.5,167.4,171.89,168.4168,41130927
2025-12-15,170.95,173.17,170.5,172.87,169.377,23254201
2025-12-16,172.7,172.7,169.25,169.83,166.3984,22981935
2025-12-17,170.09,171.3,169.66,170.34,166.8981,11624504
2025-12-18,169.92,170.45,167.56,168.12,164.7229,13152378
2025-12-19,169.15,169.62,167.83,168.69,165.2814,28448892
2025-12-22,169.04,171.46,169,169.22,165.8007,23729300
2025-12-23,169.35,171.35,169.25,170.9,167.4468,17348078
2025-12-24,171.35,171.65,169.67,170.07,166.6336,17430406
2025-12-26,169.89,169.9,167.82,169.12,165.7027,16904834
2025-12-29,169.51,174.13,169.29,172.3,168.8185,48001907
2025-12-30,172.78,176.35,170.8,175.8,172.2478,33741158
2025-12-31,180,181.4,178.5,180.08,176.4413,50897201
2026-01-01,180.6,182.2,180.2,181.89,178.2147,21507757
2026-01-02,182,183.85,181.6,182.88,179.1847,23006840
2026-01-05,182.88,186.89,182.87,185.72,181.9673,30646009
2026-01-06,186,187.85,184.47,186.2,182.4376,28514282
2026-01-07,186.2,186.65,182.9,183.8,180.0861,18231588
2026-01-08,185.45,185.87,179.55,180.12,176.4805,38454951
2026-01-09,179.05,181.5,177.33,178.4,174.7952,25318701
2026-01-12,178.4,183.65,177.64,183.24,179.5374,25782267
2026-01-13,183.5,184.39,181.1,182.57,178.881,19155081
2026-01-14,182.57,190.65,181.66,189.25,185.426,55907778
2026-01-15,189.25,189.25,189.25,189.25,185.426,0
2026-01-16,190.05,191,187.31,188.21,184.407,26028519
2026-01-19,187.1,189.44,186.8,188.27,184.4658,19709364
2026-01-20,188.27,190,183.03,183.56,179.851,20094927
2026-01-21,183.56,185.71,180.88,184.41,180.6838,35037961
2026-01-22,185.89,189.99,185.79,189.1,185.279,35681682
2026-01-23,190.5,192.4,187.27,187.61,183.8191,28492706
2026-01-27,189.67,193.14,187.72,192.28,188.3948,42314287
2026-01-28,193.49,195.2,192.1,193.85,189.9331,33310718
2026-01-29,194.45,202.99,194.11,202.32,198.2319,60610904
2026-01-30,198.55,199,190.63,193.13,189.2276,52262849
2026-02-02,185.38,189,182.55,188.51,184.7009,25601945
2026-02-03,193.58,199,191.51,192.93,189.0316,28467895
2026-02-04,193.99,196.14,193.45,195.4,191.4517,13859145
2026-02-05,193,198.41,191.52,197.76,193.764,31293689
2026-02-06,197.6,197.6,194.37,197.06,193.0782,18446912
2026-02-09,202,206.34,197.55,202,197.9184,68967709
2026-02-10,202.99,211.1,201.08,208.01,203.8069,82443790
2026-02-11,209.4,210.25,205.3,207.59,203.3954,40897457
2026-02-12,208,210.39,206.2,208.11,203.9049,24109860
2026-02-13,206.59,206.85,202.56,203.18,199.0745,25870923
2026-02-16,201,206.12,200.55,205.81,201.6514,17932490
2026-02-17,205.5,205.8,201.66,203.08,198.9765,18506676
2026-02-18,203.55,209.7,203.55,209.03,204.8063,48357001
2026-02-19,211,211.39,204.25,205.41,201.2595,27749813
2026-02-20,206.41,209.3,204.73,208.36,204.1499,26605844
2026-02-23,210,210.1,205.5,208.14,203.9343,23377191
2026-02-24,207.21,209.54,206.75,209.13,204.9043,23413086
2026-02-25,210.1,216.45,209.4,214.64,210.303,48873839
2026-02-26,215.95,215.95,213.01,215.52,211.1652,25522669
2026-02-27,215.5,215.9,211.66,212.33,208.0396,25598534
2026-03-02,205,214.34,204.5,211.01,206.7463,30523310
2026-03-04,207,207,194.43,196.73,192.7549,72096617
2026-03-05,198.5,203.04,197.63,200.57,196.5173,41033397
2026-03-06,199.5,202.2,197.1,198.46,194.4499,28551376
2026-03-09,193.45,193.7,187.03,191.01,187.1504,43019965
2026-03-10,194.01,196.64,192,195,191.0598,25783308
2026-03-11,197.14,198.88,194,194.74,190.8051,34207226
2026-03-12,193.99,194.66,190.1,193.47,189.5607,24413736
2026-03-13,191.95,192.5,182.26,183.51,179.802,42683952
2026-03-16,183,187.65,181.25,186.94,183.1627,44789516
2026-03-17,187.8,196.31,186.85,195.43,191.4811,45672442
2026-03-18,196.4,196.43,193.17,195.41,191.4615,26353743
2026-03-19,190.8,194.22,189.37,190.51,186.6605,24146344
2026-03-20,193.4,199.44,193.34,196.77,192.7941,46881257
2026-03-23,193,193.95,186.51,187.17,183.388,44393392
2026-03-24,192,192.19,187.78,190.79,186.9349,34321983
2026-03-25,193.03,197.15,192.32,196.65,192.6765,34767360
2026-03-27,194.32,195.5,192.64,193.22,189.3158,36938046
2026-03-30,192,194.42,188.3,191.86,187.9833,45914996
2026-04-01,200,200.2,194,194.6,190.6679,35813622
2026-04-02,192.91,194.85,187.95,194.14,190.2172,27633959
2026-04-06,193.02,196.65,190.25,196.1,192.1376,28115748
2026-04-07,195.6,198.42,193.28,198.13,194.1266,32090982
2026-04-08,202.01,206.4,202,204.18,200.0543,37018381
2026-04-09,204.51,208.19,204.06,205.2,201.0537,36853400
2026-04-10,207.98,209,204.8,206.61,202.4352,28385501
2026-04-13,203.7,207,201.5,206.39,202.2197,25848544
2026-04-15,209,211.15,207.6,208.72,204.5026,30858355
2026-04-16,209.75,212.92,209.01,210.69,206.4328,26751249
2026-04-17,210.69,212.46,208.5,212.12,207.8339,22837792
2026-04-20,212,213.4,209.8,211.72,207.442,24992602
2026-04-21,211.72,214.49,211.08,212.01,207.7261,17427021
2026-04-22,211,213.78,210.51,213.03,208.7255,20795714
2026-04-23,213.04,213.1,210.16,210.91,206.6483,19304122
2026-04-24,211,212,208.6,210.07,205.8253,22379072
2026-04-27,211,215,210.93,213.27,208.9606,33068230
2026-04-28,213.2,218.24,212.2,215.05,210.7047,34950491
2026-04-29,216.1,217,211.36,215.88,211.5179,32800573
2026-04-30,215.78,215.78,210,211.36,207.0892,24894783
2026-05-01,211.36,211.36,211.36,211.36,207.0892,0
2026-05-04,212.55,214.5,211.4,212.24,207.9515,23140911
2026-05-05,212.2,212.34,209.45,211.32,207.05,20733709
2026-05-06,214,216.73,212.42,215.47,211.1162,24082651
2026-05-07,216.7,219.2,215.75,217.09,212.7035,21243369
2026-05-08,217,217.4,214.25,214.49,210.156,17760366
2026-05-11,213.5,215,211.52,212.08,207.7947,16301350
2026-05-12,212,216.33,211.5,212,207.7163,28371348
2026-05-13,213.24,220.91,213.07,219.62,215.1823,46231533
2026-05-14,222.3,222.9,219.02,221.13,216.6618,34985006
2026-05-15,223,224.4,216,216.84,212.4585,33231023
2026-05-18,211,211.82,205.05,209.71,205.4726,73796001
2026-05-19,210.59,212.33,208.9,209.29,205.0611,32573663
2026-05-20,207.5,207.5,203.04,207.01,202.8271,56670462
2026-05-21,209.75,210.07,207.66,208.58,204.3654,24385712
2026-05-22,209.6,210.88,208.26,209.19,204.9631,22023114
2026-05-25,211.3,211.75,209.44,210.22,205.9723,23090495
2026-05-26,209.9,211.14,209.51,210.47,206.2172,17801824
2026-05-27,210.7,218.96,210.7,214.7,210.3618,39110042
2026-05-28,214.7,214.7,214.7,214.7,210.3618,0
2026-05-29,215.69,215.7,206.7,208.02,203.8167,67467374
2026-06-01,210,211.4,206.5,210.57,206.3152,23733470
2026-06-02,209.01,213.46,208.57,210.6,206.3446,29358964
2026-06-03,210.71,212.49,207.6,211.89,207.6085,23198930
2026-06-04,210.42,212.24,209.31,210.57,206.3152,18939468
2026-06-05,209.4,210.5,203.9,206.77,202.592,35802398
2026-06-08,203.44,205.21,201.6,202.72,198.6238,31036948
2026-06-09,203,204,200.34,203.18,199.0745,42111455
2026-06-10,203,203.4,198,199.31,195.2827,34008938
2026-06-11,197.44,199.35,196.05,197.96,193.96,38292223
2026-06-12,200,200.82,195.8,197.86,197.86,27622963
2026-06-15,199.96,200.95,196.82,197.28,197.28,27071539
2026-06-16,197.51,197.6,193.31,196,196,29255187
2026-06-17,196.79,199.5,195.6,199.01,199.01,22491220
2026-06-18,199.01,200.7,198.15,200.52,200.52,22111931
2026-06-19,199.25,199.36,196.5,198.96,198.96,31571461
2026-06-22,199.3,200.66,198.7,198.97,198.97,19238506
2026-06-23,197.75,197.98,192.73,193.56,193.56,34634510
2026-06-24,192.8,193.38,189.59,190.16,190.16,51305789
2026-06-25,190,190.86,187.61,188.71,188.71,34151735
2026-06-26,188.71,188.71,188.71,188.71,188.71,0
2026-06-29,188.73,191.27,188.6,189.57,189.57,62549132
2026-06-30,189.5,190.4,187.05,188.06,188.06,33686235
2026-07-01,188.5,188.71,184.7,185.17,185.17,20614036
2026-07-02,186,188.6,185.14,187.67,187.67,29139217
2026-07-03,190.6,192.98,189.11,189.8,189.8,28474469
2026-07-06,190.39,191.45,189.19,190.87,190.87,14466645
2026-07-07,191,191.3,189,189.79,189.79,22805982
2026-07-08,187.66,189.79,186.52,188.2,188.2,17816943
2026-07-09,189.5,189.87,186.62,187.91,187.91,21203724
2026-07-10,189.68,193.3,188.74,191.19,191.19,23145573
2026-07-13,189,189.27,185.4,187.11,187.11,47597415
2026-07-14,186.7,190.35,186.7,188.27,188.27,24096425
2026-07-15,188.74,189.33,184.81,185.26,185.26,24924570
2026-07-16,186.5,186.75,184.91,185.49,185.49,13166990
2026-07-17,185.2,186.59,183.41,185.89,185.89,20132684
2026-07-20,186.68,187.19,185.76,186.41,186.41,11188887
2026-07-21,186.75,188.1,184.7,187.24,187.24,21618426
2026-07-22,187.99,187.99,184.91,186.53,186.53,16643117
2026-07-23,186,186,183.5,184.23,184.23,20581098
2026-07-24,183.41,183.52,181.2,182.67,182.67,16117953
2026-07-27,183.6,184.89,183.33,184.25,184.25,11857396
2026-07-28,184.31,185.14,182.01,182.63,182.63,19135253
2026-07-29,183.5,188.67,183.04,187.27,187.27,24872418
2026-07-30,188.01,188.99,186.1,186.92,186.92,13769746
2026-07-31,188.25,191.84,186.31,189.69,189.69,34249584
2026-08-03,192.94,193.5,188.49,191,191,27563681
2026-08-04,190.7,192.6,189,190.95,190.95,22165429
2026-08-05,192.25,192.99,189.84,192.99,192.99,22780522
2026-08-06,193.45,193.65,188.99,189.3,189.3,18802510
2026-08-07,189.41,189.69,186.75,187.55,187.55,9924021
2026-08-10,187.56,192.35,187.55,190.24,190.24,33338101
2026-08-11,190.24,190.56,186.78,188.25,188.25,20973262
2026-08-12,188.35,188.88,183.6,186.2,186.2,36484049
2026-08-13,186.2,186.66,183.46,184.85,184.85,19940424
2026-08-14,184,184.19,180,183.5,183.5,16131505
2026-08-17,183.5,186.35,182.06,186,186,16278106
2026-08-18,186.34,187.11,184.33,185.5,185.5,13393441
2026-08-19,184.16,184.95,182.5,184,184,15509632
2026-08-20,185,185.6,182.95,183.5,183.5,21782667
2026-08-21,184.4,184.94,182,183,183,26299054
2026-08-24,184.15,186.3,183.06,186.3,186.3,37800944
2026-08-25,186.3,187.27,183.5,186.94,186.94,24578020
2026-08-26,186.49,189.95,184.29,188.01,188.01,32199274
2026-08-27,188.05,190.25,186.5,186.8,186.8,40921836
2026-08-28,187.6,188.79,184.08,186.5,186.5,39370394
2026-08-31,185.35,185.82,181.4,184.35,184.35,36802869
2026-09-01,183.7,188.68,182.12,184.07,184.07,46663321
2026-09-02,182.5,184.06,181.44,183.85,183.85,19496175
2026-09-03,184.11,187.65,182,184.2,184.2,21964971
2026-09-04,184.2,189.9,182.84,188.79,188.79,36500951
2026-09-07,189,190.24,184.37,185.61,185.61,23695657
2026-09-08,185.9,186.5,183.61,184.15,184.15,24272812
2026-09-09,184.8,190.26,183.41,188.75,188.75,45985325
2026-09-10,189,189,185,186.78,186.78,23334612
2026-09-11,184,184.24,180.79,183,183,31510206
2026-09-14,183,183,183,183,183,0
2026-09-15,186.1,186.49,182.38,183.65,183.65,31857708
2026-09-16,183.65,185.4,180.28,183,183,29476234
2026-09-17,183,189.49,182.87,187.29,187.29,29397693
2026-09-18,186.4,187.96,185.54,185.54,185.54,29014128
2026-09-21,184.55,186.87,183.34,183.4,183.4,9933718
2026-09-22,183.6,185.49,183.1,184.97,184.97,17522294
